{
    "MSE": 0.6362105042802004,
    "R2_Score": -0.0034495046252929207
}